company	symbol	exchange	source_file	timestamp	current_price	previous_close	calculated_percentage_change	calculated_difference	market_cap	founded	employees	revenue	ebitda
NVIDIA Corp	NVDA	NASDAQ	html/NVDA_20251012_082619.html	2025-10-12 08:26:19	$183.045	$192.50	-4.91%	$-9.46	4.45T USD	Apr 5, 1993	36000	46.74B	29.11B
Get the latest CAC 40 (PX1) value, historical performance, charts, and other financial information to help you make more informed trading and investment decisions.	PX1		html/PX1_20251012_082622.html	2025-10-12 08:26:23	$7918	$8041.36	-1.53%	$-123.36					
Get the latest CAC 40 (PX1) value, historical performance, charts, and other financial information to help you make more informed trading and investment decisions.	PX1		html/PX1_20251012_082625.html	2025-10-12 08:26:25	$7918	$8041.36	-1.53%	$-123.36					
Get the latest SSE Composite Index (000001) value, historical performance, charts, and other financial information to help you make more informed trading and investment decisions.	000001		html/000001_20251012_082627.html	2025-10-12 08:26:27	$3897.028	$3933.97	-0.94%	$-36.94					
Get the latest SZSE Composite Index (399106) value, historical performance, charts, and other financial information to help you make more informed trading and investment decisions.	399106		html/399106_20251012_082630.html	2025-10-12 08:26:30	$2505.7083	$2549.96	-1.74%	$-44.25					
Get the latest LQ45 (LQ45) value, historical performance, charts, and other financial information to help you make more informed trading and investment decisions.	LQ45		html/LQ45_20251012_082633.html	2025-10-12 08:26:34	$793.614	$800.14	-0.82%	$-6.53					
IDX Small-Mid Cap	IDXSMC-LIQ		html/IDXSMC-LIQ_20251012_082635.html	2025-10-12 08:26:36	$340.038	$339.72	+0.09%	$+0.32					
Get the latest IDX Growth30 (IDXG30) value, historical performance, charts, and other financial information to help you make more informed trading and investment decisions.	IDXG30		html/IDXG30_20251012_082638.html	2025-10-12 08:26:39	$130.11	$131.68	-1.19%	$-1.57					
Get the latest Investor33 Index (INVESTOR33) value, historical performance, charts, and other financial information to help you make more informed trading and investment decisions.	INVESTOR33		html/INVESTOR33_20251012_082641.html	2025-10-12 08:26:42	$388.345	$393.47	-1.30%	$-5.12					
Get the latest Bisnis-27 (BISNIS-27) value, historical performance, charts, and other financial information to help you make more informed trading and investment decisions.	BISNIS-27		html/BISNIS-27_20251012_082643.html	2025-10-12 08:26:44	$519.025	$523.73	-0.90%	$-4.71					
Get the latest IDX High Dividend 20 (IDXHIDIV20) value, historical performance, charts, and other financial information to help you make more informed trading and investment decisions.	IDXHIDIV20		html/IDXHIDIV20_20251012_082645.html	2025-10-12 08:26:46	$467.226	$472.61	-1.14%	$-5.38					
Get the latest Jakarta Islamic Index 70 (JII70) (JII70) value, historical performance, charts, and other financial information to help you make more informed trading and investment decisions.	JII70		html/JII70_20251012_082647.html	2025-10-12 08:26:47	$208.38	$206.72	+0.80%	$+1.66					
Get the latest IDX Sharia Growth value, historical performance, charts, and other financial information to help you make more informed trading and investment decisions.	IDXSHAGROW		html/IDXSHAGROW_20251012_082650.html	2025-10-12 08:26:50	$95.154	$94.65	+0.53%	$+0.50					
Get the latest ESG Quality 45 IDX KEHATI value, historical performance, charts, and other financial information to help you make more informed trading and investment decisions.	ESGQKEHATI		html/ESGQKEHATI_20251012_082652.html	2025-10-12 08:26:52	$119.614	$121.51	-1.56%	$-1.90					
Get the latest Indonesia Sharia	ISSI		html/ISSI_20251012_082655.html	2025-10-12 08:26:55	$294.837	$291.50	+1.14%	$+3.34					
Get the latest IDX Quality30 (IDXQ30) value, historical performance, charts, and other financial information to help you make more informed trading and investment decisions.	IDXQ30		html/IDXQ30_20251012_082658.html	2025-10-12 08:26:59	$129.577	$131.05	-1.12%	$-1.47					
Get the latest MNC36 Index (MNC36) value, historical performance, charts, and other financial information to help you make more informed trading and investment decisions.	MNC36		html/MNC36_20251012_082701.html	2025-10-12 08:27:01	$325.426	$327.88	-0.75%	$-2.45					
Get the latest SMinfra18 Index (SMINFRA18) value, historical performance, charts, and other financial information to help you make more informed trading and investment decisions.	SMINFRA18		html/SMINFRA18_20251012_082703.html	2025-10-12 08:27:04	$262.276	$263.38	-0.42%	$-1.10					
Get the latest IDX-MES BUMN 17 value, historical performance, charts, and other financial information to help you make more informed trading and investment decisions.	IDXMESBUMN		html/IDXMESBUMN_20251012_082707.html	2025-10-12 08:27:08	$87.986	$87.44	+0.62%	$+0.55					
Get the latest IDX Value30 (IDXV30) value, historical performance, charts, and other financial information to help you make more informed trading and investment decisions.	IDXV30		html/IDXV30_20251012_082710.html	2025-10-12 08:27:11	$133.598	$134.12	-0.39%	$-0.52					
Get the latest PEFINDO i-Grade (I-GRADE) value, historical performance, charts, and other financial information to help you make more informed trading and investment decisions.	I-GRADE		html/I-GRADE_20251012_082713.html	2025-10-12 08:27:14	$221.667	$223.13	-0.66%	$-1.46					
Get the latest IDX ESG Leaders value, historical performance, charts, and other financial information to help you make more informed trading and investment decisions.	IDXESGL		html/IDXESGL_20251012_082716.html	2025-10-12 08:27:17	$143.684	$145.88	-1.51%	$-2.20					
Get the latest IDX BUMN20 (IDXBUMN20) value, historical performance, charts, and other financial information to help you make more informed trading and investment decisions.	IDXBUMN20		html/IDXBUMN20_20251012_082718.html	2025-10-12 08:27:19	$359.636	$363.74	-1.13%	$-4.10					
Get the latest Jakarta Islamic Index value, historical performance, charts, and other financial information to help you make more informed trading and investment decisions.	JII		html/JII_20251012_082720.html	2025-10-12 08:27:21	$572.584	$566.56	+1.06%	$+6.02					
Get the latest InfoBank15 Index (INFOBANK15) value, historical performance, charts, and other financial information to help you make more informed trading and investment decisions.	INFOBANK15		html/INFOBANK15_20251012_082723.html	2025-10-12 08:27:24	$966.849	$993.78	-2.71%	$-26.93					
Get the latest IDX80 Index (IDX80) value, historical performance, charts, and other financial information to help you make more informed trading and investment decisions.	IDX80		html/IDX80_20251012_082726.html	2025-10-12 08:27:27	$124.254	$124.85	-0.48%	$-0.60					
Get the latest IDX30 Index (IDX30) value, historical performance, charts, and other financial information to help you make more informed trading and investment decisions.	IDX30		html/IDX30_20251012_082728.html	2025-10-12 08:27:29	$415.138	$418.44	-0.79%	$-3.30					
Get the latest Sri-Kehati (SRI-KEHATI) value, historical performance, charts, and other financial information to help you make more informed trading and investment decisions.	SRI-KEHATI		html/SRI-KEHATI_20251012_082731.html	2025-10-12 08:27:31	$358.804	$364.66	-1.61%	$-5.86					
Get the latest Kompas100 (KOMPAS100) value, historical performance, charts, and other financial information to help you make more informed trading and investment decisions.	KOMPAS100		html/KOMPAS100_20251012_082734.html	2025-10-12 08:27:34	$1127.646	$1130.81	-0.28%	$-3.16					
Get the latest TOPIX value, historical performance, charts, and other financial information to help you make more informed trading and investment decisions.	TOPIX		html/TOPIX_20251012_082736.html	2025-10-12 08:27:37	$3197.59	$3257.77	-1.85%	$-60.18					
Get the latest JPX Nikkei Index 400 (JPXNIKKEI400) value, historical performance, charts, and other financial information to help you make more informed trading and investment decisions.	JPXNIKKEI400		html/JPXNIKKEI400_20251012_082739.html	2025-10-12 08:27:39	$28880.39	$29382.18	-1.71%	$-501.79					
Get the latest Russell 2000 Index value, historical performance, charts, and other financial information to help you make more informed trading and investment decisions.	RUT		html/RUT_20251012_082742.html	2025-10-12 08:27:43	$2394.595	$2468.85	-3.01%	$-74.26					
Get the latest Dow Jones Transportation Average value, historical performance, charts, and other financial information to help you make more informed trading and investment decisions.	DJT		html/DJT_20251012_082744.html	2025-10-12 08:27:45	$15067.87	$15584.37	-3.31%	$-516.50					
Get the latest Nasdaq Computer value, historical performance, charts, and other financial information to help you make more informed trading and investment decisions.	IXCO		html/IXCO_20251012_082746.html	2025-10-12 08:27:47	$21540.822	$22424.32	-3.94%	$-883.50					
Get the latest NASDAQ Biotechnology Index value, historical performance, charts, and other financial information to help you make more informed trading and investment decisions.	NBI		html/NBI_20251012_082749.html	2025-10-12 08:27:50	$5061.5205	$5130.35	-1.34%	$-68.83					
Get the latest Nasdaq Financial-100 value, historical performance, charts, and other financial information to help you make more informed trading and investment decisions.	IXF		html/IXF_20251012_082751.html	2025-10-12 08:27:52	$7370.079	$7680.45	-4.04%	$-310.37					
Get the latest S&amp;P Composite 1500 (SP1500) value, historical performance, charts, and other financial information to help you make more informed trading and investment decisions.	SP1500		html/SP1500_20251012_082753.html	2025-10-12 08:27:54	$1465.3	$1506.41	-2.73%	$-41.11					
Get the latest S&amp;P 1000 (SP1000) value, historical performance, charts, and other financial information to help you make more informed trading and investment decisions.	SP1000		html/SP1000_20251012_082755.html	2025-10-12 08:27:56	$17511.42	$18043.03	-2.95%	$-531.61					
Get the latest S&amp;P Regional Banks Select Industry Index value, historical performance, charts, and other financial information to help you make more informed trading and investment decisions.	SPSIRBK		html/SPSIRBK_20251012_082758.html	2025-10-12 08:27:59	$1894.5	$1980.90	-4.36%	$-86.40					
Get the latest S&amp;P Oil &amp; Gas Exploration &amp; Production Select Industry Index value, historical performance, charts, and other financial information to help you make more informed trading and investment decisions.	SPSIOP		html/SPSIOP_20251012_082857.html	2025-10-12 08:28:57	$4783.77	$5057.56	-5.41%	$-273.79					
Get the latest Dow Jones U.S. Semiconductors Index value, historical performance, charts, and other financial information to help you make more informed trading and investment decisions.	DJUSSC		html/DJUSSC_20251012_082859.html	2025-10-12 08:28:59	$26730.5	$28270.92	-5.45%	$-1540.42					
Get the latest S&amp;P GSCI value, historical performance, charts, and other financial information to help you make more informed trading and investment decisions.	SPGSCI		html/SPGSCI_20251012_082902.html	2025-10-12 08:29:03	$539.9621	$551.91	-2.16%	$-11.95					
Get the latest S&amp;P GSCI Energy value, historical performance, charts, and other financial information to help you make more informed trading and investment decisions.	SPGSEN		html/SPGSEN_20251012_082904.html	2025-10-12 08:29:05	$209.6791	$217.80	-3.73%	$-8.12					
Get the latest S&amp;P GSCI Copper value, historical performance, charts, and other financial information to help you make more informed trading and investment decisions.	SPGSIC		html/SPGSIC_20251012_082907.html	2025-10-12 08:29:07	$745.1915	$770.42	-3.27%	$-25.23					
Get the latest S&amp;P GSCI Zinc value, historical performance, charts, and other financial information to help you make more informed trading and investment decisions.	SPGSIZ		html/SPGSIZ_20251012_082911.html	2025-10-12 08:29:11	$237.6425	$238.43	-0.33%	$-0.79					
Get the latest S&amp;P GSCI Silver value, historical performance, charts, and other financial information to help you make more informed trading and investment decisions.	SPGSSI		html/SPGSSI_20251012_082913.html	2025-10-12 08:29:14	$2306.982	$2302.59	+0.19%	$+4.39					
UTI Asset Management Company Ltd	UTIAMC		html/UTIAMC_20251012_082915.html	2025-10-12 08:29:16	$1310.2	$168.01	+679.83%	$+1142.19	168.01B INR	Jan 14, 2003	1393	5.47B	3.33B
Indraprastha Gas Limited	IGL		html/IGL_20251012_082918.html	2025-10-12 08:29:19	$216	$302.65	-28.63%	$-86.65	302.65B INR	1998	720	39.14B	5.05B
Coal India Ltd	COALINDIA		html/COALINDIA_20251012_082920.html	2025-10-12 08:29:21	$384.1	$2.37	+16106.75%	$+381.73	2.37T INR	Nov 1975	220272	318.80B	122.35B
Adani Ports and Special Economic Zone Ld	ADANIPORTS		html/ADANIPORTS_20251012_082924.html	2025-10-12 08:29:25	$1411.3	$3.04	+46324.34%	$+1408.26	3.04T INR	May 26, 1998	3118	91.26B	52.53B
Polycab India Ltd	POLYCAB		html/POLYCAB_20251012_082927.html	2025-10-12 08:29:28	$7730	$1.16	+666279.31%	$+7728.84	1.16T INR	1964	5258	59.06B	8.51B
Central Depository Services (India) Ltd	CDSL		html/CDSL_20251012_082929.html	2025-10-12 08:29:30	$1607.1	$335.51	+379.00%	$+1271.59	335.51B INR	Feb 1999	403	2.95B	1.58B
Kaynes Technology India Ltd	KAYNES		html/KAYNES_20251012_082932.html	2025-10-12 08:29:33	$7098	$454.93	+1460.24%	$+6643.07	454.93B INR	1988	1567	6.73B	1.07B
Amber Enterprises India Ltd	AMBER		html/AMBER_20251012_082934.html	2025-10-12 08:29:35	$8278.5	$290.98	+2745.04%	$+7987.52	290.98B INR	1990	1709	34.49B	2.38B
Indian Hotels Company Ltd	INDHOTEL		html/INDHOTEL_20251012_082936.html	2025-10-12 08:29:37	$736	$1.05	+69995.24%	$+734.95	1.05T INR	1902	20090	21.02B	5.98B
Tata Elxsi Ltd	TATAELXSI		html/TATAELXSI_20251012_082939.html	2025-10-12 08:29:39	$5401	$336.85	+1503.38%	$+5064.15	336.85B INR	1989	11973	9.18B	1.94B
Patanjali Foods Ltd	PATANJALI		html/PATANJALI_20251012_082942.html	2025-10-12 08:29:43	$590.55	$215.54	+173.99%	$+375.01	215.54B INR	1986	7444	89.00B	3.26B
Mankind Pharma Ltd	MANKIND		html/MANKIND_20251012_082944.html	2025-10-12 08:29:46	$2464	$1.02	+241468.63%	$+2462.98	1.02T INR	1991	26978	35.70B	7.74B
Torrent Pharmaceuticals Ltd	TORNTPHARM		html/TORNTPHARM_20251012_082947.html	2025-10-12 08:29:48	$3545.7	$1.20	+295375.00%	$+3544.50	1.20T INR	1959	17059	31.78B	10.18B
TVS Motor Company Ltd	TVSMOTOR		html/TVSMOTOR_20251012_082949.html	2025-10-12 08:29:50	$3490.7	$1.66	+210183.13%	$+3489.04	1.66T INR	1992	6522	122.38B	16.82B
Ashok Leyland Ltd	ASHOKLEY		html/ASHOKLEY_20251012_082952.html	2025-10-12 08:29:53	$137.65	$807.84	-82.96%	$-670.19	807.84B INR	Sep 7, 1948	9695	117.09B	24.65B
Ola Electric Mobility Ltd	OLAELEC		html/OLAELEC_20251012_082955.html	2025-10-12 08:29:56	$49.8	$207.53	-76.00%	$-157.73	207.53B INR	2017	4037	8.28B	-2.60B
HDB Financial Services Ltd	HDBFS		html/HDBFS_20251012_082958.html	2025-10-12 08:29:58	$736.9	$609.52	+20.90%	$+127.38	609.52B INR	2007	89943	20.56B	—
Vishal Mega Mart Ltd	VMM		html/VMM_20251012_083001.html	2025-10-12 08:30:01	$146.2	$673.06	-78.28%	$-526.86	673.06B INR	2018	18029	31.40B	4.48B
Swiggy Ltd	SWIGGY		html/SWIGGY_20251012_083004.html	2025-10-12 08:30:05	$435.35	$996.29	-56.30%	$-560.94	996.29B INR	Aug 1, 2014	4488	49.61B	-11.57B
Mamata Machinery Ltd	MAMATA		html/MAMATA_20251012_083007.html	2025-10-12 08:30:07	$445.3	$10.98	+3955.56%	$+434.32	10.98B INR	1979	217	386.64M	31.09M
Vardhman Holdings Ltd	VHL		html/VHL_20251012_083009.html	2025-10-12 08:30:09	$3897.9	$12.43	+31258.81%	$+3885.47	12.43B INR	1962	3	38.60M	35.42M
Take Solutions Ltd	TAKE		html/TAKE_20251012_083012.html	2025-10-12 08:30:12	$16.13	$2.39	+574.90%	$+13.74	2.39B INR	2000	2	—	-7.65M
Suryoday Small Finance Bank Ltd	SURYODAY		html/SURYODAY_20251012_083015.html	2025-10-12 08:30:15	$150.35	$15.98	+840.86%	$+134.37	15.98B INR	2008	8649	2.94B	—
Dynacons Systems and Solutions Ltd	DSSL		html/DSSL_20251012_083019.html	2025-10-12 08:30:19	$950	$12.10	+7751.24%	$+937.90	12.10B INR	1995	1013	3.29B	307.14M
Mazda Ltd	MAZDA		html/MAZDA_20251012_083022.html	2025-10-12 08:30:23	$292.55	$5.91	+4850.08%	$+286.64	5.91B INR	1990	243	496.31M	31.78M
Ugro Capital Ltd	UGROCAP		html/UGROCAP_20251012_083025.html	2025-10-12 08:30:26	$184.08	$20.89	+781.19%	$+163.19	20.89B INR	1993	2149	1.69B	—
DCM Shriram Industries Ltd	DCMSRIND		html/DCMSRIND_20251012_083029.html	2025-10-12 08:30:30	$167.8	$14.60	+1049.32%	$+153.20	14.60B INR	1889	2371	4.99B	419.11M
Bharat Bijlee Ltd	BBL		html/BBL_20251012_083032.html	2025-10-12 08:30:33	$3294	$37.23	+8747.70%	$+3256.77	37.23B INR	1946	1081	4.65B	336.02M
Apl Apollo Tubes Ltd	APLAPOLLO		html/APLAPOLLO_20251012_083035.html	2025-10-12 08:30:36	$1735	$482.70	+259.44%	$+1252.30	482.70B INR	1986	3382	51.70B	3.68B
Housing And Urban Development Corp Ltd	HUDCO		html/HUDCO_20251012_083037.html	2025-10-12 08:30:38	$232.31	$466.69	-50.22%	$-234.38	466.69B INR	Apr 25, 1970	619	10.72B	—
Bharat Heavy Electricals Ltd	BHEL		html/BHEL_20251012_083040.html	2025-10-12 08:30:41	$240	$833.85	-71.22%	$-593.85	833.85B INR	Nov 13, 1964	41132	54.87B	-5.59B
Radico Khaitan Ltd	RADICO		html/RADICO_20251012_083044.html	2025-10-12 08:30:44	$2985	$400.08	+646.10%	$+2584.92	400.08B INR	1943	1494	15.06B	2.27B
Allied Blenders and Distillers Ltd	ABDL		html/ABDL_20251012_083046.html	2025-10-12 08:30:46	$547	$152.43	+258.85%	$+394.57	152.43B INR	2008	902	9.23B	1.10B
Aarti Industries Ltd	AARTIIND		html/AARTIIND_20251012_083050.html	2025-10-12 08:30:50	$377.9	$137.02	+175.80%	$+240.88	137.02B INR	1984	5868	16.75B	1.86B
Acme Solar Holdings Ltd	ACMESOLAR		html/ACMESOLAR_20251012_083053.html	2025-10-12 08:30:53	$284.3	$171.54	+65.73%	$+112.76	171.54B INR	2003	557	5.84B	4.95B
Tesla Inc	TSLA	NASDAQ	html/TSLA_20251012_083134.html	2025-10-12 08:31:35	$413.49	$435.54	-5.06%	$-22.05	1.30T USD	Jul 1, 2003	125665	22.50B	2.36B
Exxon Mobil Corp	XOM	NYSE	html/XOM_20251012_083136.html	2025-10-12 08:31:37	$110.73	$112.91	-1.93%	$-2.18	472.07B USD	1870	61000	80.04B	15.49B
Morgan Stanley	MS	NYSE	html/MS_20251012_083139.html	2025-10-12 08:31:39	$151.86	$156.27	-2.82%	$-4.41	242.42B USD	Sep 5, 1935	80000	16.60B	—
Abbott Laboratories	ABT	NYSE	html/ABT_20251012_083142.html	2025-10-12 08:31:43	$132.57	$133.31	-0.56%	$-0.74	230.73B USD	1888	114000	11.14B	2.98B
Boston Scientific Corp	BSX	NYSE	html/BSX_20251012_083146.html	2025-10-12 08:31:46	$95.41	$97.28	-1.92%	$-1.87	141.37B USD	1979	53000	5.06B	1.28B
Thermo Fisher Scientific Inc	TMO	NYSE	html/TMO_20251012_083148.html	2025-10-12 08:31:49	$524.8	$534.68	-1.85%	$-9.88	198.17B USD	1956	125000	10.86B	2.62B
PepsiCo Inc	PEP	NASDAQ	html/PEP_20251012_083151.html	2025-10-12 08:31:52	$150.08	$144.71	+3.71%	$+5.37	205.21B USD	1965	319000	23.94B	4.82B
Celsius Holdings Inc	CELH	NASDAQ	html/CELH_20251012_083154.html	2025-10-12 08:31:54	$60.7	$64.26	-5.54%	$-3.56	15.66B USD	2004	1073	739.26M	136.38M
Turning Point Brands Inc	TPB	NYSE	html/TPB_20251012_083156.html	2025-10-12 08:31:56	$88.33	$86.54	+2.07%	$+1.79	1.59B USD	1988	310	116.63M	30.13M
SouthState Bank Corp	SSB	NYSE	html/SSB_20251012_083200.html	2025-10-12 08:32:00	$93.88	$98.85	-5.03%	$-4.97	9.50B USD	1933	6306	657.26M	—
Natural Gas ETC	GAS		html/GAS_20251012_083203.html	2025-10-12 08:32:03	$4.8045	$146.00	-96.71%	$-141.20					
Viel et Compagnie SA	VIC		html/VIC_20251012_083205.html	2025-10-12 08:32:05	$17.55	$1.20	+1362.50%	$+16.35	1.20B EUR	1962	2499	322.33M	—
Emerson Radio Corp	MSN		html/MSN_20251012_083208.html	2025-10-12 08:32:09	$0.5176	$0.63	-17.84%	$-0.11	10.96M USD	1948	23	1.68M	-1.29M
Aurora Cannabis Inc	ACB		html/ACB_20251012_083211.html	2025-10-12 08:32:12	$7.41	$8.60	-13.84%	$-1.19	416.79M CAD	Dec 21, 2006	1101	98.02M	-14.04M
Cronos Group Inc	CRON		html/CRON_20251012_083213.html	2025-10-12 08:32:14	$3.52	$3.78	-6.88%	$-0.26	1.35B CAD	2012	459	33.46M	4.65M
Auxly Cannabis Group Inc	XLY		html/XLY_20251012_083216.html	2025-10-12 08:32:17	$0.13	$0.14	-7.14%	$-0.01	175.27M CAD	Aug 24, 1987	388	38.80M	13.07M
Entegris Inc	ENTG	NASDAQ	html/ENTG_20251012_083219.html	2025-10-12 08:32:20	$83.64	$94.23	-11.24%	$-10.59	12.68B USD	1966	8000	792.40M	216.70M
Micron Technology Inc	MU	NASDAQ	html/MU_20251012_083221.html	2025-10-12 08:32:22	$181.6	$192.33	-5.58%	$-10.73	203.84B USD	Oct 5, 1978	53000	11.32B	5.82B
Robinhood Markets Inc	HOOD	NASDAQ	html/HOOD_20251012_083225.html	2025-10-12 08:32:25	$138.96	$152.46	-8.85%	$-13.50	123.49B USD	Apr 18, 2013	2300	989.00M	—
Joby Aviation Inc	JOBY	NYSE	html/JOBY_20251014_183114.html	2025-10-14 18:31:14	$17.68	$16.77	+5.43%	$+0.91	15.54B USD	Sep 11, 2009	2029	15.00K	-158.11M
SoundHound AI Inc	SOUN	NASDAQ	html/SOUN_20251014_183117.html	2025-10-14 18:31:18	$20.4512	$19.14	+6.85%	$+1.31	8.33B USD	Sep 2005	842	42.68M	-38.57M
Recursion Pharmaceuticals Inc	RXRX	NASDAQ	html/RXRX_20251014_183119.html	2025-10-14 18:31:20	$5.45	$5.53	-1.45%	$-0.08	2.36B USD	2013	800	19.22M	-152.38M
AbCellera Biologics Inc	ABCL	NASDAQ	html/ABCL_20251014_183122.html	2025-10-14 18:31:23	$5.66	$5.67	-0.18%	$-0.01	1.69B USD	2012	596	17.08M	-44.11M
Atlas Energy Solutions Inc	AESI	NYSE	html/AESI_20251014_183125.html	2025-10-14 18:31:26	$10.765	$10.84	-0.69%	$-0.07	1.33B USD	2017	1143	288.68M	54.67M
Ares Capital Corporation	ARCC	NASDAQ	html/ARCC_20251014_183128.html	2025-10-14 18:31:29	$19.735	$19.49	+1.26%	$+0.25	13.92B USD	2004	3200		
Rithm Capital Corp	RITM	NYSE	html/RITM_20251014_183131.html	2025-10-14 18:31:32	$10.825	$10.77	+0.51%	$+0.05	5.71B USD	2013	6045	997.58M	—
Saratoga Investment Corp	SAR	NYSE	html/SAR_20251014_183134.html	2025-10-14 18:31:35	$21.99	$21.87	+0.55%	$+0.12	354.13M USD	2007			
Stellus Capital Investment Corp	SCM	NYSE	html/SCM_20251014_183137.html	2025-10-14 18:31:38	$12.32	$12.22	+0.82%	$+0.10	350.37M USD	2012			
BlackRock TCP Capital Corp	TCPC	NASDAQ	html/TCPC_20251014_183140.html	2025-10-14 18:31:40	$5.765	$5.69	+1.32%	$+0.07	490.24M USD	2012			
WhiteHorse Finance Inc	WHF	NASDAQ	html/WHF_20251014_183143.html	2025-10-14 18:31:43	$6.83	$6.76	+1.04%	$+0.07	158.75M USD	2011			
Carmax Inc	KMX	NYSE	html/KMX_20251014_183146.html	2025-10-14 18:31:46	$43.77	$43.69	+0.18%	$+0.08	6.43B USD	Sep 1993	30048	7.08B	235.86M
Allstate Corp	ALL	NYSE	html/ALL_20251014_183148.html	2025-10-14 18:31:49	$208.41	$205.64	+1.35%	$+2.77	54.92B USD	Apr 17, 1931	55200	16.63B	2.06B
Hartford Insurance Group Inc	HIG	NYSE	html/HIG_20251014_183151.html	2025-10-14 18:31:52	$130.3	$128.74	+1.21%	$+1.56	36.64B USD	1810	19100	6.99B	1.39B
Cincinnati Financial Corp	CINF	NASDAQ	html/CINF_20251014_183153.html	2025-10-14 18:31:54	$158.04	$157.88	+0.10%	$+0.16	24.71B USD	1950	5624	3.25B	915.00M
Genuine Parts Co	GPC	NYSE	html/GPC_20251014_183156.html	2025-10-14 18:31:57	$132.61	$131.70	+0.69%	$+0.91	18.43B USD	1925	63000	6.16B	546.96M
Hormel Foods Corp	HRL	NYSE	html/HRL_20251014_183158.html	2025-10-14 18:31:59	$23.575	$23.26	+1.35%	$+0.31	12.97B USD	1891	20000	3.03B	307.78M
Tyson Foods Inc	TSN	NYSE	html/TSN_20251014_183201.html	2025-10-14 18:32:01	$52.29	$52.10	+0.36%	$+0.19	18.60B USD	1935	138000	13.88B	834.00M
MONDELEZ INTERNATIONAL INC Common Stock	MDLZ	NASDAQ	html/MDLZ_20251014_183743.html	2025-10-14 18:37:43	$61.335	$61.17	+0.27%	$+0.16	79.33B USD	Oct 1, 2012	90000	8.98B	1.51B
Cisco Systems Inc	CSCO	NASDAQ	html/CSCO_20251014_183744.html	2025-10-14 18:37:45	$68.93	$67.46	+2.18%	$+1.47	272.28B USD	Dec 10, 1984	86200	14.67B	3.81B
Vanguard Total Stock Market Index Fund ETF	VTI		html/VTI_20251014_183747.html	2025-10-14 18:37:47	$327.75	$326.93	+0.25%	$+0.82	268.22B USD				
Avantis US Small Cap Value ETF	AVUV		html/AVUV_20251014_183750.html	2025-10-14 18:37:50	$98.59	$97.54	+1.08%	$+1.05					
SPDR S&amp;P 600 Small Cap Value ETF	SLYV		html/SLYV_20251014_183753.html	2025-10-14 18:37:53	$87.49	$86.80	+0.79%	$+0.69	3.21B USD				
DFA Dimensional International Small Cap Value ETF	DISV		html/DISV_20251014_183754.html	2025-10-14 18:37:55	$35.48	$35.43	+0.14%	$+0.05					
iShares Core MSCI Emerging Markets ETF	IEMG		html/IEMG_20251014_183756.html	2025-10-14 18:37:57	$65.76	$66.08	-0.48%	$-0.32					
Avantis Emerging Markets Equity ETF	AVEM		html/AVEM_20251014_183759.html	2025-10-14 18:37:59	$74.77	$75.31	-0.72%	$-0.54					
Schwab Fundamental EM Equity ETF	FNDE		html/FNDE_20251014_183801.html	2025-10-14 18:38:02	$35.67	$35.70	-0.08%	$-0.03					
Schwab Fundamental Intl Small Equity ETF	FNDC		html/FNDC_20251014_183805.html	2025-10-14 18:38:05	$43.85	$43.74	+0.25%	$+0.11					
Franklin Intl Low Volatility High Dividend Index	LVHI		html/LVHI_20251016_122317.html	2025-10-16 12:23:18	$35.07	$35.11	-0.11%	$-0.04					
Franklin US Mid Cap Multifactor Index ETF	FLQM		html/FLQM_20251016_122320.html	2025-10-16 12:23:20	$56.19	$56.25	-0.11%	$-0.06					
Bahl &amp; Gaynor Small/Mid Cap Income Growth ETF	SMIG		html/SMIG_20251016_122322.html	2025-10-16 12:23:22	$29.28	$29.24	+0.14%	$+0.04					
Invesco S&amp;P SmallCap Consumer Staples ETF	PSCC		html/PSCC_20251016_122324.html	2025-10-16 12:23:24	$32.57	$32.38	+0.59%	$+0.19					
Fidelity MSCI Consumer Staples Index ETF	FSTA		html/FSTA_20251016_122326.html	2025-10-16 12:23:26	$50.48	$50.37	+0.22%	$+0.11					
iShares US Consumer Focused ETF	IEDI		html/IEDI_20251016_122328.html	2025-10-16 12:23:28	$55.9334	$55.77	+0.29%	$+0.16					
Motley Fool Capital Efficiency 100 Index ETF	TMFE		html/TMFE_20251016_122331.html	2025-10-16 12:23:32	$29.0122	$28.98	+0.11%	$+0.03					
iShares MSCI USA Momentum Factor ETF	MTUM		html/MTUM_20251016_122333.html	2025-10-16 12:23:33	$254.86	$254.12	+0.29%	$+0.74					
iShares S&amp;P 500 Growth ETF	IVW		html/IVW_20251016_122336.html	2025-10-16 12:23:37	$120.4	$119.82	+0.48%	$+0.58	15.50B USD				
iShares S&amp;P 500 Value ETF	IVE		html/IVE_20251016_122339.html	2025-10-16 12:23:40	$206.49	$205.64	+0.41%	$+0.85	28.10B USD				
Invesco S&amp;P 500 Eql Wght ETF	RSP		html/RSP_20251016_122342.html	2025-10-16 12:23:43	$188.85	$188.47	+0.20%	$+0.38	342.45M USD				
iShares Core US Aggregate Bond ETF	AGG		html/AGG_20251016_122344.html	2025-10-16 12:23:45	$100.74	$100.78	-0.04%	$-0.04	59.45B USD				
iShares iBoxx $ High Yield Corporate Bond ETF	HYG		html/HYG_20251016_122348.html	2025-10-16 12:23:49	$80.8	$80.54	+0.32%	$+0.26	17.28B USD				
VanEck Gold Miners ETF	GDX		html/GDX_20251016_122351.html	2025-10-16 12:23:51	$81.47	$78.45	+3.85%	$+3.02					
MicroSectors Gold Miners 3X Inverse Leveraged ETN	GDXD		html/GDXD_20251016_122352.html	2025-10-16 12:23:53	$0.6684	$0.76	-12.05%	$-0.09	91.66B USD	Jun 23, 1817	53597	8.19B	—
2x Long VIX Futures ETF	UVIX		html/UVIX_20251016_122355.html	2025-10-16 12:23:55	$11.78	$11.53	+2.17%	$+0.25					
ProShares Short VIX Short-Term Futures ETF	SVXY		html/SVXY_20251016_122357.html	2025-10-16 12:23:58	$48.14	$48.34	-0.41%	$-0.20					
Barclays iPath Series B S P 500 VIX Mid-Term Futures ETN Series B	VXZ		html/VXZ_20251016_122400.html	2025-10-16 12:24:01	$57.19	$57.12	+0.12%	$+0.07	403.26M USD	Nov 17, 1690	23788	5.10B	—
Barclays iPath Select MLP ETN Exp 18 Mar 2043	ATMP		html/ATMP_20251016_122402.html	2025-10-16 12:24:03	$27.73	$27.51	+0.80%	$+0.22	403.26M USD	Nov 17, 1690	23788	5.10B	—
iShares Global Energy ETF	IXC		html/IXC_20251016_122405.html	2025-10-16 12:24:05	$40.63	$40.62	+0.02%	$+0.01	1.18B USD				
Direxion Daily Energy Bull 2x Shares	ERX		html/ERX_20251016_122408.html	2025-10-16 12:24:09	$52.46	$52.44	+0.04%	$+0.02					
ProShares UltraPro Russell2000	URTY		html/URTY_20251016_122411.html	2025-10-16 12:24:12	$58.05	$56.32	+3.07%	$+1.73					
Direxion Daily S&amp;P Biotech Bull 3X Shares	LABU		html/LABU_20251016_122414.html	2025-10-16 12:24:15	$117.59	$107.36	+9.53%	$+10.23					
Direxion Daily Robo AI &amp; Automation Ix Bl 2X Shs	UBOT		html/UBOT_20251016_122417.html	2025-10-16 12:24:17	$26.95	$26.39	+2.12%	$+0.56					
Global X Artificial Intelligence &amp; Technology ETF	AIQ		html/AIQ_20251016_122420.html	2025-10-16 12:24:20	$50.55	$49.81	+1.49%	$+0.74					
iShares Future AI &amp; Tech ETF	ARTY		html/ARTY_20251016_122423.html	2025-10-16 12:24:24	$48.68	$47.67	+2.12%	$+1.01					
iShares AI Innovation and Tech Active ETF	BAI		html/BAI_20251016_122425.html	2025-10-16 12:24:26	$34.94	$34.26	+1.98%	$+0.68					
T Rowe Price Capital Appreciation Equity ETF	TCAF		html/TCAF_20251016_122428.html	2025-10-16 12:24:29	$38.08	$37.89	+0.50%	$+0.19					
T Rowe Price International Equity ETF	TOUS		html/TOUS_20251016_122431.html	2025-10-16 12:24:32	$33.58	$33.49	+0.27%	$+0.09					
T Rowe Price Ultra Short-Term Bond ETF	TBUX		html/TBUX_20251016_122434.html	2025-10-16 12:24:34	$49.955	$49.96	-0.01%	$-0.01					
JPMorgan Ultra-Short Income ETF	JPST		html/JPST_20251016_122437.html	2025-10-16 12:24:37	$50.69	$50.67	+0.04%	$+0.02					
iShares Ultra Short Duration Bond Active ETF	ICSH		html/ICSH_20251016_122439.html	2025-10-16 12:24:40	$50.68	$50.66	+0.04%	$+0.02					
DFA Dimensional Short-Duration Fixed Income ETF	DFSD		html/DFSD_20251016_122443.html	2025-10-16 12:24:44	$48.42	$48.46	-0.08%	$-0.04					
Schwab 5-10 Year Corporate Bond ETF	SCHI		html/SCHI_20251016_122446.html	2025-10-16 12:24:47	$23.15	$23.13	+0.09%	$+0.02					
SPDR Portfolio Corporate Bond ETF	SPBO		html/SPBO_20251016_122450.html	2025-10-16 12:24:51	$29.74	$29.72	+0.07%	$+0.02					
PIMCO Investment Grade Corporate Bond Index ETF	CORP		html/CORP_20251016_122453.html	2025-10-16 12:24:54	$99.11	$99.01	+0.10%	$+0.10					
PIMCO 15+ Year US TIPS Index Exchange-Traded Fund	LTPZ		html/LTPZ_20251016_122456.html	2025-10-16 12:24:56	$53.9	$53.97	-0.13%	$-0.07					
FlexShares iBoxx 3-Year Target Duration TIPS Index	TDTT		html/TDTT_20251016_122500.html	2025-10-16 12:25:00	$24.34	$24.35	-0.04%	$-0.01					
ProShares Inflation Expectations ETF	RINF		html/RINF_20251016_122502.html	2025-10-16 12:25:02	$32.2075	$32.20	+0.02%	$+0.01					
SPDR FTSE Intl Govt Inflation-Protected Bond ETF	WIP		html/WIP_20251016_122505.html	2025-10-16 12:25:05	$39.2	$39.06	+0.36%	$+0.14					
iShares Inflation Hedged Corporate Bond ETF	LQDI		html/LQDI_20251016_122508.html	2025-10-16 12:25:08	$26.9499	$26.89	+0.22%	$+0.06					
Goldman Sachs Access Inflation Protected USD Bond	GTIP		html/GTIP_20251016_122510.html	2025-10-16 12:25:10	$50.0046	$50.05	-0.09%	$-0.05					
Invesco 0-5 Yr US TIPS ETF	PBTP		html/PBTP_20251016_122513.html	2025-10-16 12:25:14	$26.1951	$26.20	-0.02%	$-0.00					
SPDR Portfolio Long Term Treasury ETF	SPTL		html/SPTL_20251016_122515.html	2025-10-16 12:25:16	$27.28	$27.34	-0.22%	$-0.06					
SPDR Portfolio Short Term Treasury ETF	SPTS		html/SPTS_20251016_122519.html	2025-10-16 12:25:19	$29.34	$29.35	-0.03%	$-0.01					
iShares 1-3 Year Treasury Bond ETF	SHY		html/SHY_20251016_122521.html	2025-10-16 12:25:22	$82.99	$83.03	-0.05%	$-0.04	17.27B USD				
iShares 3-7 Year Treasury Bond ETF	IEI		html/IEI_20251016_122524.html	2025-10-16 12:25:25	$119.96	$120.06	-0.08%	$-0.10					
iShares US Treasury Bond ETF	GOVT		html/GOVT_20251016_122526.html	2025-10-16 12:25:27	$23.23	$23.26	-0.13%	$-0.03					
iShares Core Total USD Bond Market ETF	IUSB		html/IUSB_20251016_122530.html	2025-10-16 12:25:31	$46.89	$46.90	-0.02%	$-0.01					
Vanguard Intermediate-Term Bond Index Fund ETF	BIV		html/BIV_20251016_122534.html	2025-10-16 12:25:34	$78.48	$78.50	-0.03%	$-0.02					
Vanguard Long-Term Bond Index Fund ETF	BLV		html/BLV_20251016_122536.html	2025-10-16 12:25:37	$71.62	$71.72	-0.14%	$-0.10					
Vanguard Mortgage-Backed Secs Idx Fund ETF	VMBS		html/VMBS_20251016_122540.html	2025-10-16 12:25:40	$47.16	$47.18	-0.04%	$-0.02					
First Trust Low Duration Opportunities ETF	LMBS		html/LMBS_20251016_122542.html	2025-10-16 12:25:42	$50.06	$50.03	+0.06%	$+0.03					
First Trust Securitized Plus ETF	DEED		html/DEED_20251016_122546.html	2025-10-16 12:25:47	$21.565	$21.55	+0.07%	$+0.02					
First Trust Smith Unconstrained Bond ETF	UCON		html/UCON_20251016_122548.html	2025-10-16 12:25:49	$25.325	$25.29	+0.14%	$+0.04					
First Trust Smith Opportunistic Fixed Income ETF	FIXD		html/FIXD_20251016_122550.html	2025-10-16 12:25:51	$44.727	$44.70	+0.06%	$+0.03					
First Trust SSI Strategic Convertible Sec ETF	FCVT		html/FCVT_20251016_122552.html	2025-10-16 12:25:53	$44.505	$43.93	+1.31%	$+0.58					
John Hancock Preferred Income ETF	JHPI		html/JHPI_20251016_122555.html	2025-10-16 12:25:55	$23.2281	$23.17	+0.25%	$+0.06					
InfraCap REIT Preferred ETF	PFFR		html/PFFR_20251016_122558.html	2025-10-16 12:25:59	$18.59	$18.49	+0.54%	$+0.10					
Global X Variable Rate Preferred ETF	PFFV		html/PFFV_20251016_122601.html	2025-10-16 12:26:02	$22.97	$22.89	+0.35%	$+0.08					
AAM Low Duration Preferred and Income Sec ETF	PFLD		html/PFLD_20251016_122603.html	2025-10-16 12:26:04	$19.67	$19.63	+0.20%	$+0.04					
Amplify CWP Enhanced Dividend Income ETF	DIVO		html/DIVO_20251016_122606.html	2025-10-16 12:26:06	$44.26	$44.16	+0.23%	$+0.10					
WisdomTree US Quality Dividend Growth Fund	DGRW		html/DGRW_20251016_122609.html	2025-10-16 12:26:09	$88.61	$88.49	+0.14%	$+0.12	2.34B USD				
iShares Select Dividend ETF	DVY		html/DVY_20251016_122611.html	2025-10-16 12:26:12	$141.44	$141.12	+0.23%	$+0.32	24.93B USD				
SPDR Portfolio S&amp;P 500 High Dividend ETF	SPYD		html/SPYD_20251016_122615.html	2025-10-16 12:26:15	$43.56	$43.42	+0.32%	$+0.14					
Invesco KBW Premium Yield Equity REIT ETF	KBWY		html/KBWY_20251016_122619.html	2025-10-16 12:26:20	$15.57	$15.36	+1.37%	$+0.21	110.28M USD				
iShares Select US REIT ETF	ICF		html/ICF_20251016_122622.html	2025-10-16 12:26:23	$1112.5	$1112.50	+0.00%	$+0.00	1.28B USD				
Fidelity MSCI Real Estate Index ETF	FREL		html/FREL_20251016_122624.html	2025-10-16 12:26:25	$27.64	$27.22	+1.54%	$+0.42					
DFA Dimensional Global Real Estate ETF	DFGR		html/DFGR_20251016_122627.html	2025-10-16 12:26:28	$27.28	$26.97	+1.15%	$+0.31					
Dimensional Global Core Plus Fixed Income ETF	DFGP		html/DFGP_20251016_122629.html	2025-10-16 12:26:30	$55.97	$55.90	+0.13%	$+0.07					
DFA Dimensional US Marketwide Value ETF	DFUV		html/DFUV_20251016_122632.html	2025-10-16 12:26:33	$44.58	$44.45	+0.29%	$+0.13					
SPDR Portfolio S&amp;P 1500 Composite Stock Market ETF	SPTM		html/SPTM_20251016_122636.html	2025-10-16 12:26:36	$80.51	$80.19	+0.40%	$+0.32	8.32B USD				
SPDR Portfolio S&amp;P 600 Small Cap ETF	SPSM		html/SPSM_20251016_122638.html	2025-10-16 12:26:39	$46.49	$46.14	+0.76%	$+0.35					
Invesco S and P SmallCap Momentum ETF	XSMO		html/XSMO_20251016_122642.html	2025-10-16 12:26:42	$73.59	$73.00	+0.81%	$+0.59	110.28M USD				
Invesco S&amp;P SmallCap 600 Pure Growth ETF	RZG		html/RZG_20251016_122644.html	2025-10-16 12:26:45	$54.8901	$54.52	+0.68%	$+0.37	342.45M USD				
Abrdn Focused U S Small Cap Act ETF	AFSC		html/AFSC_20251016_122648.html	2025-10-16 12:26:48	$30.05	$29.97	+0.27%	$+0.08					
Invesco S&amp;P SmallCap Quality ETF	XSHQ		html/XSHQ_20251016_122651.html	2025-10-16 12:26:52	$42.79	$42.72	+0.16%	$+0.07					
Cambria Shareholder Yield ETF	SYLD		html/SYLD_20251016_122653.html	2025-10-16 12:26:54	$67.94	$68.22	-0.41%	$-0.28					
iShares MSCI USA Equal Weighted ETF	EUSA		html/EUSA_20251016_122655.html	2025-10-16 12:26:56	$102.61	$102.42	+0.19%	$+0.19					
First Trust Dow 30 Equal Weight ETF	EDOW		html/EDOW_20251016_122657.html	2025-10-16 12:26:58	$39.7105	$39.73	-0.05%	$-0.02					
Brookstone Value Stock ETF	BAMV		html/BAMV_20251016_122659.html	2025-10-16 12:27:00	$32.2932	$32.15	+0.45%	$+0.14					
Trenchless Fund ETF	RVER		html/RVER_20251016_122701.html	2025-10-16 12:27:02	$33.2727	$33.28	-0.02%	$-0.01					
American Customer Satisfaction ETF	ACSI		html/ACSI_20251016_122704.html	2025-10-16 12:27:05	$66.1754	$65.93	+0.37%	$+0.25					
FT Raymond James Multicap Growth Equity ETF	RJMG		html/RJMG_20251016_122708.html	2025-10-16 12:27:08	$26.4443	$26.27	+0.66%	$+0.17					
Pacer US Cash Cows Growth ETF	BUL		html/BUL_20251016_122711.html	2025-10-16 12:27:11	$52.6202	$52.71	-0.17%	$-0.09					
Pacer Developed Markets International Cash Cws 100	ICOW		html/ICOW_20251016_122714.html	2025-10-16 12:27:14	$36.68	$36.37	+0.85%	$+0.31					
Pacer Swan SOS Fund of Funds ETF	PSFF		html/PSFF_20251016_122716.html	2025-10-16 12:27:17	$31.61	$31.57	+0.13%	$+0.04					
Pacer Swan SOS Flex January ETF	PSFD		html/PSFD_20251016_122720.html	2025-10-16 12:27:20	$36.2636	$36.20	+0.18%	$+0.06					
Pacer BlueStar Digital Entertainment ETF	ODDS		html/ODDS_20251016_122722.html	2025-10-16 12:27:23	$32.32	$32.26	+0.19%	$+0.06					
ProShares On-Demand ETF	OND		html/OND_20251016_122726.html	2025-10-16 12:27:27	$46.8559	$46.72	+0.29%	$+0.14					
Schwab Crypto Thematic ETF	STCE		html/STCE_20251016_122729.html	2025-10-16 12:27:30	$108.09	$104.32	+3.61%	$+3.77					
WisdomTree Bitcoin Fund	BTCW		html/BTCW_20251016_122732.html	2025-10-16 12:27:33	$117.85	$119.29	-1.21%	$-1.44					
